[
  {
    "featureType": "landscape.man_made",
    "stylers": [
      {
        "color": "#ffffff"
      }
    ]
  },
  {
    "featureType": "poi.attraction",
    "stylers": [
      {
        "color": "#ffffff"
      },
      {
        "visibility": "simplified"
      }
    ]
  },
  {
    "featureType": "road.highway",
    "stylers": [
      {
        "color": "#00d12a"
      }
    ]
  },
  {
    "featureType": "water",
    "stylers": [
      {
        "color": "#009dff"
      }
    ]
  }
]